<?xml version="1.0" encoding="UTF-8"?>
<project version="4">
  <component name="ChangeListManager">
    <list default="true" id="aa6bee82-7500-4f4b-ba80-1650aaac2562" name="Default" comment="" />
    <option name="EXCLUDED_CONVERTED_TO_IGNORED" value="true" />
    <option name="TRACKING_ENABLED" value="true" />
    <option name="SHOW_DIALOG" value="false" />
    <option name="HIGHLIGHT_CONFLICTS" value="true" />
    <option name="HIGHLIGHT_NON_ACTIVE_CHANGELIST" value="false" />
    <option name="LAST_RESOLUTION" value="IGNORE" />
  </component>
  <component name="FileEditorManager">
    <leaf SIDE_TABS_SIZE_LIMIT_KEY="300">
      <file leaf-file-name="mainpage.py" pinned="false" current-in-tab="true">
        <entry file="file://$PROJECT_DIR$/mainpage.py">
          <provider selected="true" editor-type-id="text-editor">
            <state relative-caret-position="136">
              <caret line="10" column="13" lean-forward="true" selection-start-line="10" selection-start-column="13" selection-end-line="10" selection-end-column="13" />
              <folding>
                <element signature="e#0#20#0" expanded="true" />
              </folding>
            </state>
          </provider>
        </entry>
      </file>
      <file leaf-file-name="second_page.py" pinned="false" current-in-tab="false">
        <entry file="file://$PROJECT_DIR$/second_page.py">
          <provider selected="true" editor-type-id="text-editor">
            <state relative-caret-position="425">
              <caret line="27" column="26" lean-forward="false" selection-start-line="27" selection-start-column="26" selection-end-line="27" selection-end-column="26" />
              <folding>
                <element signature="e#0#22#0" expanded="true" />
              </folding>
            </state>
          </provider>
        </entry>
      </file>
      <file leaf-file-name="third_page.py" pinned="false" current-in-tab="false">
        <entry file="file://$PROJECT_DIR$/third_page.py">
          <provider selected="true" editor-type-id="text-editor">
            <state relative-caret-position="238">
              <caret line="15" column="46" lean-forward="false" selection-start-line="15" selection-start-column="46" selection-end-line="15" selection-end-column="46" />
              <folding>
                <element signature="e#0#22#0" expanded="true" />
              </folding>
            </state>
          </provider>
        </entry>
      </file>
      <file leaf-file-name="fourth_page.py" pinned="false" current-in-tab="false">
        <entry file="file://$PROJECT_DIR$/fourth_page.py">
          <provider selected="true" editor-type-id="text-editor">
            <state relative-caret-position="238">
              <caret line="15" column="22" lean-forward="false" selection-start-line="15" selection-start-column="22" selection-end-line="15" selection-end-column="22" />
              <folding>
                <element signature="e#0#22#0" expanded="true" />
              </folding>
            </state>
          </provider>
        </entry>
      </file>
      <file leaf-file-name="fifth_page.py" pinned="false" current-in-tab="false">
        <entry file="file://$PROJECT_DIR$/fifth_page.py">
          <provider selected="true" editor-type-id="text-editor">
            <state relative-caret-position="221">
              <caret line="13" column="0" lean-forward="false" selection-start-line="13" selection-start-column="0" selection-end-line="13" selection-end-column="0" />
              <folding />
            </state>
          </provider>
        </entry>
      </file>
    </leaf>
  </component>
  <component name="FileTemplateManagerImpl">
    <option name="RECENT_TEMPLATES">
      <list>
        <option value="Python Script" />
      </list>
    </option>
  </component>
  <component name="IdeDocumentHistory">
    <option name="CHANGED_PATHS">
      <list>
        <option value="$PROJECT_DIR$/second_page" />
        <option value="$PROJECT_DIR$/third_page" />
        <option value="$PROJECT_DIR$/mainpage" />
        <option value="$PROJECT_DIR$/third_page.py" />
        <option value="$PROJECT_DIR$/fourth_page.py" />
        <option value="$PROJECT_DIR$/fifth_page.py" />
        <option value="$PROJECT_DIR$/second_page.py" />
        <option value="$PROJECT_DIR$/mainpage.py" />
      </list>
    </option>
  </component>
  <component name="ProjectFrameBounds" extendedState="6">
    <option name="x" value="10" />
    <option name="y" value="20" />
    <option name="width" value="1346" />
    <option name="height" value="688" />
  </component>
  <component name="ProjectView">
    <navigator currentView="ProjectPane" proportions="" version="1">
      <flattenPackages />
      <showMembers />
      <showModules />
      <showLibraryContents />
      <hideEmptyPackages />
      <abbreviatePackageNames />
      <autoscrollToSource />
      <autoscrollFromSource />
      <sortByType />
      <manualOrder />
      <foldersAlwaysOnTop value="true" />
    </navigator>
    <panes>
      <pane id="Scope" />
      <pane id="Scratches" />
      <pane id="ProjectPane">
        <subPane>
          <expand>
            <path>
              <item name="AI_PRO_new" type="b2602c69:ProjectViewProjectNode" />
              <item name="AI_PRO" type="462c0819:PsiDirectoryNode" />
            </path>
          </expand>
          <select />
        </subPane>
      </pane>
    </panes>
  </component>
  <component name="PropertiesComponent">
    <property name="last_opened_file_path" value="$PROJECT_DIR$/../form_login" />
  </component>
  <component name="RecentsManager">
    <key name="CopyFile.RECENT_KEYS">
      <recent name="C:\Users\Kashmiri\PycharmProjects\AI_PRO" />
    </key>
  </component>
  <component name="RunDashboard">
    <option name="ruleStates">
      <list>
        <RuleState>
          <option name="name" value="ConfigurationTypeDashboardGroupingRule" />
        </RuleState>
        <RuleState>
          <option name="name" value="StatusDashboardGroupingRule" />
        </RuleState>
      </list>
    </option>
  </component>
  <component name="RunManager" selected="Python.mainpage (1)">
    <configuration default="true" type="tests" factoryName="Doctests">
      <option name="INTERPRETER_OPTIONS" value="" />
      <option name="PARENT_ENVS" value="true" />
      <envs />
      <option name="SDK_HOME" value="" />
      <option name="WORKING_DIRECTORY" value="" />
      <option name="IS_MODULE_SDK" value="false" />
      <option name="ADD_CONTENT_ROOTS" value="true" />
      <option name="ADD_SOURCE_ROOTS" value="true" />
      <module name="AI_PRO" />
      <option name="SCRIPT_NAME" value="" />
      <option name="CLASS_NAME" value="" />
      <option name="METHOD_NAME" value="" />
      <option name="FOLDER_NAME" value="" />
      <option name="TEST_TYPE" value="TEST_SCRIPT" />
      <option name="PATTERN" value="" />
      <option name="USE_PATTERN" value="false" />
    </configuration>
    <configuration default="true" type="tests" factoryName="Nosetests">
      <option name="INTERPRETER_OPTIONS" value="" />
      <option name="PARENT_ENVS" value="true" />
      <envs />
      <option name="SDK_HOME" value="" />
      <option name="WORKING_DIRECTORY" value="" />
      <option name="IS_MODULE_SDK" value="false" />
      <option name="ADD_CONTENT_ROOTS" value="true" />
      <option name="ADD_SOURCE_ROOTS" value="true" />
      <module name="AI_PRO" />
      <option name="_new_regexPattern" value="&quot;&quot;" />
      <option name="_new_additionalArguments" value="&quot;&quot;" />
      <option name="_new_target" value="&quot;&quot;" />
      <option name="_new_targetType" value="&quot;PATH&quot;" />
    </configuration>
    <configuration default="true" type="PythonConfigurationType" factoryName="Python">
      <option name="INTERPRETER_OPTIONS" value="" />
      <option name="PARENT_ENVS" value="true" />
      <envs>
        <env name="PYTHONUNBUFFERED" value="1" />
      </envs>
      <option name="SDK_HOME" value="" />
      <option name="WORKING_DIRECTORY" value="" />
      <option name="IS_MODULE_SDK" value="false" />
      <option name="ADD_CONTENT_ROOTS" value="true" />
      <option name="ADD_SOURCE_ROOTS" value="true" />
      <module name="AI_PRO" />
      <option name="SCRIPT_NAME" value="" />
      <option name="PARAMETERS" value="" />
      <option name="SHOW_COMMAND_LINE" value="false" />
      <option name="EMULATE_TERMINAL" value="false" />
    </configuration>
    <configuration default="true" type="Tox" factoryName="Tox">
      <option name="INTERPRETER_OPTIONS" value="" />
      <option name="PARENT_ENVS" value="true" />
      <envs />
      <option name="SDK_HOME" value="" />
      <option name="WORKING_DIRECTORY" value="" />
      <option name="IS_MODULE_SDK" value="false" />
      <option name="ADD_CONTENT_ROOTS" value="true" />
      <option name="ADD_SOURCE_ROOTS" value="true" />
      <module name="AI_PRO" />
    </configuration>
    <configuration default="true" type="tests" factoryName="Unittests">
      <option name="INTERPRETER_OPTIONS" value="" />
      <option name="PARENT_ENVS" value="true" />
      <envs />
      <option name="SDK_HOME" value="" />
      <option name="WORKING_DIRECTORY" value="" />
      <option name="IS_MODULE_SDK" value="false" />
      <option name="ADD_CONTENT_ROOTS" value="true" />
      <option name="ADD_SOURCE_ROOTS" value="true" />
      <module name="AI_PRO" />
      <option name="_new_additionalArguments" value="&quot;&quot;" />
      <option name="_new_target" value="&quot;&quot;" />
      <option name="_new_targetType" value="&quot;PATH&quot;" />
    </configuration>
    <configuration default="true" type="tests" factoryName="py.test">
      <option name="INTERPRETER_OPTIONS" value="" />
      <option name="PARENT_ENVS" value="true" />
      <envs />
      <option name="SDK_HOME" value="" />
      <option name="WORKING_DIRECTORY" value="" />
      <option name="IS_MODULE_SDK" value="false" />
      <option name="ADD_CONTENT_ROOTS" value="true" />
      <option name="ADD_SOURCE_ROOTS" value="true" />
      <module name="AI_PRO" />
      <option name="_new_keywords" value="&quot;&quot;" />
      <option name="_new_additionalArguments" value="&quot;&quot;" />
      <option name="_new_target" value="&quot;&quot;" />
      <option name="_new_targetType" value="&quot;PATH&quot;" />
    </configuration>
    <configuration name="fifth_page" type="PythonConfigurationType" factoryName="Python" temporary="true">
      <option name="INTERPRETER_OPTIONS" value="" />
      <option name="PARENT_ENVS" value="true" />
      <envs>
        <env name="PYTHONUNBUFFERED" value="1" />
      </envs>
      <option name="SDK_HOME" value="" />
      <option name="WORKING_DIRECTORY" value="$PROJECT_DIR$" />
      <option name="IS_MODULE_SDK" value="true" />
      <option name="ADD_CONTENT_ROOTS" value="true" />
      <option name="ADD_SOURCE_ROOTS" value="true" />
      <module name="AI_PRO" />
      <option name="SCRIPT_NAME" value="$PROJECT_DIR$/fifth_page.py" />
      <option name="PARAMETERS" value="" />
      <option name="SHOW_COMMAND_LINE" value="false" />
      <option name="EMULATE_TERMINAL" value="false" />
    </configuration>
    <configuration name="fourth_page" type="PythonConfigurationType" factoryName="Python" temporary="true">
      <option name="INTERPRETER_OPTIONS" value="" />
      <option name="PARENT_ENVS" value="true" />
      <envs>
        <env name="PYTHONUNBUFFERED" value="1" />
      </envs>
      <option name="SDK_HOME" value="" />
      <option name="WORKING_DIRECTORY" value="$PROJECT_DIR$" />
      <option name="IS_MODULE_SDK" value="true" />
      <option name="ADD_CONTENT_ROOTS" value="true" />
      <option name="ADD_SOURCE_ROOTS" value="true" />
      <module name="AI_PRO" />
      <option name="SCRIPT_NAME" value="$PROJECT_DIR$/fourth_page.py" />
      <option name="PARAMETERS" value="" />
      <option name="SHOW_COMMAND_LINE" value="false" />
      <option name="EMULATE_TERMINAL" value="false" />
    </configuration>
    <configuration name="mainpage (1)" type="PythonConfigurationType" factoryName="Python" temporary="true">
      <option name="INTERPRETER_OPTIONS" value="" />
      <option name="PARENT_ENVS" value="true" />
      <envs>
        <env name="PYTHONUNBUFFERED" value="1" />
      </envs>
      <option name="SDK_HOME" value="" />
      <option name="WORKING_DIRECTORY" value="$PROJECT_DIR$" />
      <option name="IS_MODULE_SDK" value="true" />
      <option name="ADD_CONTENT_ROOTS" value="true" />
      <option name="ADD_SOURCE_ROOTS" value="true" />
      <module name="AI_PRO" />
      <option name="SCRIPT_NAME" value="$PROJECT_DIR$/mainpage.py" />
      <option name="PARAMETERS" value="" />
      <option name="SHOW_COMMAND_LINE" value="false" />
      <option name="EMULATE_TERMINAL" value="false" />
    </configuration>
    <configuration name="second_page (1)" type="PythonConfigurationType" factoryName="Python" temporary="true">
      <option name="INTERPRETER_OPTIONS" value="" />
      <option name="PARENT_ENVS" value="true" />
      <envs>
        <env name="PYTHONUNBUFFERED" value="1" />
      </envs>
      <option name="SDK_HOME" value="" />
      <option name="WORKING_DIRECTORY" value="$PROJECT_DIR$" />
      <option name="IS_MODULE_SDK" value="true" />
      <option name="ADD_CONTENT_ROOTS" value="true" />
      <option name="ADD_SOURCE_ROOTS" value="true" />
      <module name="AI_PRO" />
      <option name="SCRIPT_NAME" value="$PROJECT_DIR$/second_page.py" />
      <option name="PARAMETERS" value="" />
      <option name="SHOW_COMMAND_LINE" value="false" />
      <option name="EMULATE_TERMINAL" value="false" />
    </configuration>
    <configuration name="third_page (1)" type="PythonConfigurationType" factoryName="Python" temporary="true">
      <option name="INTERPRETER_OPTIONS" value="" />
      <option name="PARENT_ENVS" value="true" />
      <envs>
        <env name="PYTHONUNBUFFERED" value="1" />
      </envs>
      <option name="SDK_HOME" value="" />
      <option name="WORKING_DIRECTORY" value="$PROJECT_DIR$" />
      <option name="IS_MODULE_SDK" value="true" />
      <option name="ADD_CONTENT_ROOTS" value="true" />
      <option name="ADD_SOURCE_ROOTS" value="true" />
      <module name="AI_PRO" />
      <option name="SCRIPT_NAME" value="$PROJECT_DIR$/third_page.py" />
      <option name="PARAMETERS" value="" />
      <option name="SHOW_COMMAND_LINE" value="false" />
      <option name="EMULATE_TERMINAL" value="false" />
    </configuration>
    <list size="5">
      <item index="0" class="java.lang.String" itemvalue="Python.mainpage (1)" />
      <item index="1" class="java.lang.String" itemvalue="Python.second_page (1)" />
      <item index="2" class="java.lang.String" itemvalue="Python.third_page (1)" />
      <item index="3" class="java.lang.String" itemvalue="Python.fourth_page" />
      <item index="4" class="java.lang.String" itemvalue="Python.fifth_page" />
    </list>
    <recent_temporary>
      <list size="5">
        <item index="0" class="java.lang.String" itemvalue="Python.mainpage (1)" />
        <item index="1" class="java.lang.String" itemvalue="Python.second_page (1)" />
        <item index="2" class="java.lang.String" itemvalue="Python.fourth_page" />
        <item index="3" class="java.lang.String" itemvalue="Python.fifth_page" />
        <item index="4" class="java.lang.String" itemvalue="Python.third_page (1)" />
      </list>
    </recent_temporary>
  </component>
  <component name="ShelveChangesManager" show_recycled="false">
    <option name="remove_strategy" value="false" />
  </component>
  <component name="TaskManager">
    <task active="true" id="Default" summary="Default task">
      <changelist id="aa6bee82-7500-4f4b-ba80-1650aaac2562" name="Default" comment="" />
      <created>1514308283712</created>
      <option name="number" value="Default" />
      <option name="presentableId" value="Default" />
      <updated>1514308283712</updated>
    </task>
    <servers />
  </component>
  <component name="ToolWindowManager">
    <frame x="-8" y="-8" width="1382" height="744" extended-state="6" />
    <layout>
      <window_info id="Project" active="true" anchor="left" auto_hide="false" internal_type="DOCKED" type="DOCKED" visible="true" show_stripe_button="true" weight="0.24963397" sideWeight="0.5" order="0" side_tool="false" content_ui="combo" />
      <window_info id="TODO" active="false" anchor="bottom" auto_hide="false" internal_type="DOCKED" type="DOCKED" visible="false" show_stripe_button="true" weight="0.33" sideWeight="0.5" order="6" side_tool="false" content_ui="tabs" />
      <window_info id="Event Log" active="false" anchor="bottom" auto_hide="false" internal_type="DOCKED" type="DOCKED" visible="false" show_stripe_button="true" weight="0.33" sideWeight="0.5" order="7" side_tool="true" content_ui="tabs" />
      <window_info id="Version Control" active="false" anchor="bottom" auto_hide="false" internal_type="DOCKED" type="DOCKED" visible="false" show_stripe_button="false" weight="0.33" sideWeight="0.5" order="7" side_tool="false" content_ui="tabs" />
      <window_info id="Python Console" active="false" anchor="bottom" auto_hide="false" internal_type="DOCKED" type="DOCKED" visible="false" show_stripe_button="true" weight="0.33" sideWeight="0.5" order="7" side_tool="false" content_ui="tabs" />
      <window_info id="Run" active="false" anchor="bottom" auto_hide="false" internal_type="DOCKED" type="DOCKED" visible="false" show_stripe_button="true" weight="0.329653" sideWeight="0.5" order="2" side_tool="false" content_ui="tabs" />
      <window_info id="Structure" active="false" anchor="left" auto_hide="false" internal_type="DOCKED" type="DOCKED" visible="false" show_stripe_button="true" weight="0.25" sideWeight="0.5" order="1" side_tool="false" content_ui="tabs" />
      <window_info id="Terminal" active="false" anchor="bottom" auto_hide="false" internal_type="DOCKED" type="DOCKED" visible="false" show_stripe_button="true" weight="0.33" sideWeight="0.5" order="7" side_tool="false" content_ui="tabs" />
      <window_info id="Favorites" active="false" anchor="left" auto_hide="false" internal_type="DOCKED" type="DOCKED" visible="false" show_stripe_button="true" weight="0.33" sideWeight="0.5" order="2" side_tool="true" content_ui="tabs" />
      <window_info id="Debug" active="false" anchor="bottom" auto_hide="false" internal_type="DOCKED" type="DOCKED" visible="false" show_stripe_button="true" weight="0.39905363" sideWeight="0.5" order="3" side_tool="false" content_ui="tabs" />
      <window_info id="Data View" active="false" anchor="right" auto_hide="false" internal_type="DOCKED" type="DOCKED" visible="false" show_stripe_button="true" weight="0.33" sideWeight="0.5" order="3" side_tool="false" content_ui="tabs" />
      <window_info id="Cvs" active="false" anchor="bottom" auto_hide="false" internal_type="DOCKED" type="DOCKED" visible="false" show_stripe_button="true" weight="0.25" sideWeight="0.5" order="4" side_tool="false" content_ui="tabs" />
      <window_info id="Message" active="false" anchor="bottom" auto_hide="false" internal_type="DOCKED" type="DOCKED" visible="false" show_stripe_button="true" weight="0.33" sideWeight="0.5" order="0" side_tool="false" content_ui="tabs" />
      <window_info id="Commander" active="false" anchor="right" auto_hide="false" internal_type="DOCKED" type="DOCKED" visible="false" show_stripe_button="true" weight="0.4" sideWeight="0.5" order="0" side_tool="false" content_ui="tabs" />
      <window_info id="Inspection" active="false" anchor="bottom" auto_hide="false" internal_type="DOCKED" type="DOCKED" visible="false" show_stripe_button="true" weight="0.4" sideWeight="0.5" order="5" side_tool="false" content_ui="tabs" />
      <window_info id="Hierarchy" active="false" anchor="right" auto_hide="false" internal_type="DOCKED" type="DOCKED" visible="false" show_stripe_button="true" weight="0.25" sideWeight="0.5" order="2" side_tool="false" content_ui="combo" />
      <window_info id="Find" active="false" anchor="bottom" auto_hide="false" internal_type="DOCKED" type="DOCKED" visible="false" show_stripe_button="true" weight="0.329653" sideWeight="0.5" order="1" side_tool="false" content_ui="tabs" />
      <window_info id="Ant Build" active="false" anchor="right" auto_hide="false" internal_type="DOCKED" type="DOCKED" visible="false" show_stripe_button="true" weight="0.25" sideWeight="0.5" order="1" side_tool="false" content_ui="tabs" />
    </layout>
  </component>
  <component name="VcsContentAnnotationSettings">
    <option name="myLimit" value="2678400000" />
  </component>
  <component name="XDebuggerManager">
    <breakpoint-manager />
    <watches-manager />
  </component>
  <component name="editorHistoryManager">
    <entry file="file://$PROJECT_DIR$/mainpage.py">
      <provider selected="true" editor-type-id="text-editor">
        <state relative-caret-position="0">
          <caret line="0" column="0" lean-forward="false" selection-start-line="0" selection-start-column="0" selection-end-line="0" selection-end-column="0" />
          <folding>
            <element signature="e#0#20#0" expanded="true" />
          </folding>
        </state>
      </provider>
    </entry>
    <entry file="file://$PROJECT_DIR$/second_page.py">
      <provider selected="true" editor-type-id="text-editor">
        <state relative-caret-position="459">
          <caret line="27" column="26" lean-forward="false" selection-start-line="27" selection-start-column="26" selection-end-line="27" selection-end-column="26" />
          <folding>
            <element signature="e#0#22#0" expanded="true" />
          </folding>
        </state>
      </provider>
    </entry>
    <entry file="file://$PROJECT_DIR$/third_page.py">
      <provider selected="true" editor-type-id="text-editor">
        <state relative-caret-position="238">
          <caret line="15" column="46" lean-forward="false" selection-start-line="15" selection-start-column="46" selection-end-line="15" selection-end-column="46" />
          <folding>
            <element signature="e#0#22#0" expanded="true" />
          </folding>
        </state>
      </provider>
    </entry>
    <entry file="file://$PROJECT_DIR$/fourth_page.py">
      <provider selected="true" editor-type-id="text-editor">
        <state relative-caret-position="238">
          <caret line="15" column="22" lean-forward="false" selection-start-line="15" selection-start-column="22" selection-end-line="15" selection-end-column="22" />
          <folding>
            <element signature="e#0#22#0" expanded="true" />
          </folding>
        </state>
      </provider>
    </entry>
    <entry file="file://$PROJECT_DIR$/fifth_page.py">
      <provider selected="true" editor-type-id="text-editor">
        <state relative-caret-position="221">
          <caret line="13" column="0" lean-forward="false" selection-start-line="13" selection-start-column="0" selection-end-line="13" selection-end-column="0" />
          <folding />
        </state>
      </provider>
    </entry>
    <entry file="file://$PROJECT_DIR$/mainpage.py">
      <provider selected="true" editor-type-id="text-editor">
        <state relative-caret-position="0">
          <caret line="0" column="0" lean-forward="false" selection-start-line="0" selection-start-column="0" selection-end-line="0" selection-end-column="0" />
          <folding>
            <element signature="e#0#20#0" expanded="true" />
          </folding>
        </state>
      </provider>
    </entry>
    <entry file="file://$PROJECT_DIR$/second_page.py">
      <provider selected="true" editor-type-id="text-editor">
        <state relative-caret-position="85">
          <caret line="6" column="7" lean-forward="false" selection-start-line="6" selection-start-column="7" selection-end-line="6" selection-end-column="37" />
          <folding>
            <element signature="e#0#22#0" expanded="true" />
          </folding>
        </state>
      </provider>
    </entry>
    <entry file="file://$PROJECT_DIR$/third_page.py">
      <provider selected="true" editor-type-id="text-editor">
        <state relative-caret-position="238">
          <caret line="15" column="46" lean-forward="false" selection-start-line="15" selection-start-column="46" selection-end-line="15" selection-end-column="46" />
          <folding>
            <element signature="e#0#22#0" expanded="true" />
          </folding>
        </state>
      </provider>
    </entry>
    <entry file="file://$PROJECT_DIR$/fourth_page.py">
      <provider selected="true" editor-type-id="text-editor">
        <state relative-caret-position="238">
          <caret line="15" column="22" lean-forward="false" selection-start-line="15" selection-start-column="22" selection-end-line="15" selection-end-column="22" />
          <folding>
            <element signature="e#0#22#0" expanded="true" />
          </folding>
        </state>
      </provider>
    </entry>
    <entry file="file://$PROJECT_DIR$/fifth_page.py">
      <provider selected="true" editor-type-id="text-editor">
        <state relative-caret-position="221">
          <caret line="13" column="0" lean-forward="false" selection-start-line="13" selection-start-column="0" selection-end-line="13" selection-end-column="0" />
          <folding />
        </state>
      </provider>
    </entry>
    <entry file="file://$PROJECT_DIR$/mainpage.py">
      <provider selected="true" editor-type-id="text-editor">
        <state relative-caret-position="0">
          <caret line="0" column="0" lean-forward="false" selection-start-line="0" selection-start-column="0" selection-end-line="0" selection-end-column="0" />
          <folding>
            <element signature="e#0#20#0" expanded="true" />
          </folding>
        </state>
      </provider>
    </entry>
    <entry file="file://$PROJECT_DIR$/second_page.py">
      <provider selected="true" editor-type-id="text-editor">
        <state relative-caret-position="85">
          <caret line="6" column="7" lean-forward="false" selection-start-line="6" selection-start-column="7" selection-end-line="6" selection-end-column="41" />
          <folding>
            <element signature="e#0#22#0" expanded="true" />
          </folding>
        </state>
      </provider>
    </entry>
    <entry file="file://$PROJECT_DIR$/third_page.py">
      <provider selected="true" editor-type-id="text-editor">
        <state relative-caret-position="238">
          <caret line="15" column="46" lean-forward="false" selection-start-line="15" selection-start-column="46" selection-end-line="15" selection-end-column="46" />
          <folding>
            <element signature="e#0#22#0" expanded="true" />
          </folding>
        </state>
      </provider>
    </entry>
    <entry file="file://$PROJECT_DIR$/fourth_page.py">
      <provider selected="true" editor-type-id="text-editor">
        <state relative-caret-position="238">
          <caret line="15" column="22" lean-forward="false" selection-start-line="15" selection-start-column="22" selection-end-line="15" selection-end-column="22" />
          <folding>
            <element signature="e#0#22#0" expanded="true" />
          </folding>
        </state>
      </provider>
    </entry>
    <entry file="file://$PROJECT_DIR$/fifth_page.py">
      <provider selected="true" editor-type-id="text-editor">
        <state relative-caret-position="221">
          <caret line="13" column="0" lean-forward="false" selection-start-line="13" selection-start-column="0" selection-end-line="13" selection-end-column="0" />
          <folding />
        </state>
      </provider>
    </entry>
    <entry file="file://$PROJECT_DIR$/mainpage.py">
      <provider selected="true" editor-type-id="text-editor">
        <state relative-caret-position="0">
          <caret line="0" column="0" lean-forward="false" selection-start-line="0" selection-start-column="0" selection-end-line="0" selection-end-column="0" />
          <folding>
            <element signature="e#0#20#0" expanded="true" />
          </folding>
        </state>
      </provider>
    </entry>
    <entry file="file://$PROJECT_DIR$/second_page.py">
      <provider selected="true" editor-type-id="text-editor">
        <state relative-caret-position="85">
          <caret line="6" column="7" lean-forward="false" selection-start-line="6" selection-start-column="7" selection-end-line="6" selection-end-column="41" />
          <folding>
            <element signature="e#0#22#0" expanded="true" />
          </folding>
        </state>
      </provider>
    </entry>
    <entry file="file://$PROJECT_DIR$/third_page.py">
      <provider selected="true" editor-type-id="text-editor">
        <state relative-caret-position="238">
          <caret line="15" column="46" lean-forward="false" selection-start-line="15" selection-start-column="46" selection-end-line="15" selection-end-column="46" />
          <folding>
            <element signature="e#0#22#0" expanded="true" />
          </folding>
        </state>
      </provider>
    </entry>
    <entry file="file://$PROJECT_DIR$/fourth_page.py">
      <provider selected="true" editor-type-id="text-editor">
        <state relative-caret-position="238">
          <caret line="15" column="22" lean-forward="true" selection-start-line="15" selection-start-column="22" selection-end-line="15" selection-end-column="22" />
          <folding>
            <element signature="e#0#22#0" expanded="true" />
          </folding>
        </state>
      </provider>
    </entry>
    <entry file="file://$PROJECT_DIR$/fifth_page.py">
      <provider selected="true" editor-type-id="text-editor">
        <state relative-caret-position="221">
          <caret line="13" column="0" lean-forward="false" selection-start-line="13" selection-start-column="0" selection-end-line="13" selection-end-column="0" />
          <folding />
        </state>
      </provider>
    </entry>
    <entry file="file://$PROJECT_DIR$/mainpage.py">
      <provider selected="true" editor-type-id="text-editor">
        <state relative-caret-position="221">
          <caret line="14" column="40" lean-forward="false" selection-start-line="14" selection-start-column="40" selection-end-line="14" selection-end-column="40" />
          <folding>
            <element signature="e#0#20#0" expanded="true" />
          </folding>
        </state>
      </provider>
    </entry>
    <entry file="file://$PROJECT_DIR$/second_page.py">
      <provider selected="true" editor-type-id="text-editor">
        <state relative-caret-position="85">
          <caret line="6" column="7" lean-forward="false" selection-start-line="6" selection-start-column="7" selection-end-line="6" selection-end-column="41" />
          <folding>
            <element signature="e#0#22#0" expanded="true" />
          </folding>
        </state>
      </provider>
    </entry>
    <entry file="file://$PROJECT_DIR$/third_page.py">
      <provider selected="true" editor-type-id="text-editor">
        <state relative-caret-position="238">
          <caret line="15" column="46" lean-forward="true" selection-start-line="15" selection-start-column="46" selection-end-line="15" selection-end-column="46" />
          <folding>
            <element signature="e#0#22#0" expanded="true" />
          </folding>
        </state>
      </provider>
    </entry>
    <entry file="file://$PROJECT_DIR$/fifth_page.py">
      <provider selected="true" editor-type-id="text-editor">
        <state relative-caret-position="221">
          <caret line="13" column="0" lean-forward="true" selection-start-line="13" selection-start-column="0" selection-end-line="13" selection-end-column="0" />
          <folding />
        </state>
      </provider>
    </entry>
    <entry file="file://$PROJECT_DIR$/fourth_page.py">
      <provider selected="true" editor-type-id="text-editor">
        <state relative-caret-position="68">
          <caret line="5" column="18" lean-forward="true" selection-start-line="5" selection-start-column="18" selection-end-line="5" selection-end-column="18" />
          <folding>
            <element signature="e#0#22#0" expanded="true" />
          </folding>
        </state>
      </provider>
    </entry>
    <entry file="file://$PROJECT_DIR$/mainpage" />
    <entry file="file://$PROJECT_DIR$/second_page" />
    <entry file="file://$PROJECT_DIR$/third_page" />
    <entry file="file://$PROJECT_DIR$/mainpage" />
    <entry file="file://$PROJECT_DIR$/second_page" />
    <entry file="file://$PROJECT_DIR$/third_page" />
    <entry file="file://$PROJECT_DIR$/mainpage" />
    <entry file="file://$PROJECT_DIR$/second_page" />
    <entry file="file://$PROJECT_DIR$/third_page" />
    <entry file="file://$PROJECT_DIR$/third_page" />
    <entry file="file://$PROJECT_DIR$/second_page" />
    <entry file="file://$PROJECT_DIR$/mainpage" />
    <entry file="file://$PROJECT_DIR$/fifth_page.py">
      <provider selected="true" editor-type-id="text-editor">
        <state relative-caret-position="221">
          <caret line="13" column="0" lean-forward="false" selection-start-line="13" selection-start-column="0" selection-end-line="13" selection-end-column="0" />
          <folding />
        </state>
      </provider>
    </entry>
    <entry file="file://$PROJECT_DIR$/fourth_page.py">
      <provider selected="true" editor-type-id="text-editor">
        <state relative-caret-position="238">
          <caret line="15" column="22" lean-forward="false" selection-start-line="15" selection-start-column="22" selection-end-line="15" selection-end-column="22" />
          <folding>
            <element signature="e#0#22#0" expanded="true" />
          </folding>
        </state>
      </provider>
    </entry>
    <entry file="file://$PROJECT_DIR$/third_page.py">
      <provider selected="true" editor-type-id="text-editor">
        <state relative-caret-position="238">
          <caret line="15" column="46" lean-forward="false" selection-start-line="15" selection-start-column="46" selection-end-line="15" selection-end-column="46" />
          <folding>
            <element signature="e#0#22#0" expanded="true" />
          </folding>
        </state>
      </provider>
    </entry>
    <entry file="file://$PROJECT_DIR$/second_page.py">
      <provider selected="true" editor-type-id="text-editor">
        <state relative-caret-position="425">
          <caret line="27" column="26" lean-forward="false" selection-start-line="27" selection-start-column="26" selection-end-line="27" selection-end-column="26" />
          <folding>
            <element signature="e#0#22#0" expanded="true" />
          </folding>
        </state>
      </provider>
    </entry>
    <entry file="file://$PROJECT_DIR$/mainpage.py">
      <provider selected="true" editor-type-id="text-editor">
        <state relative-caret-position="136">
          <caret line="10" column="13" lean-forward="true" selection-start-line="10" selection-start-column="13" selection-end-line="10" selection-end-column="13" />
          <folding>
            <element signature="e#0#20#0" expanded="true" />
          </folding>
        </state>
      </provider>
    </entry>
  </component>
</project>